{"list": [{"date": "2021-06", "arr": {"year": 2021, "month": 6, "link": ["2021-06-05_s  (1).JPG", "2021-06-05_s  (2).JPG", "2021-06-05_s  (3).JPG", "2021-06-05_s  (4).JPG", "2021-06-08_cat (1).JPG", "2021-06-08_cat (2).JPG", "2021-06-08_cat (3).JPG", "2021-06-08_cat (4).JPG"], "text": ["s  (1)", "s  (2)", "s  (3)", "s  (4)", "cat (1)", "cat (2)", "cat (3)", "cat (4)"], "type": ["image", "image", "image", "image", "image", "image", "image", "image"]}}, {"date": "2021-05", "arr": {"year": 2021, "month": 5, "link": ["2021-05-06_c (1).JPG", "2021-05-06_c (2).JPG", "2021-05-06_c (3).JPG", "2021-05-06_c (4).JPG", "2021-05-06_c (5).JPG"], "text": ["c (1)", "c (2)", "c (3)", "c (4)", "c (5)"], "type": ["image", "image", "image", "image", "image"]}}, {"date": "2021-04", "arr": {"year": 2021, "month": 4, "link": ["2021-04-26_d (1).JPG", "2021-04-26_d (1).png", "2021-04-26_d (2).JPG"], "text": ["d (1)", "d (1)", "d (2)"], "type": ["image", "image", "image"]}}, {"date": "2020-01", "arr": {"year": 2020, "month": 1, "link": ["2020-01-01_newyear.jpg"], "text": ["newyear"], "type": ["image"]}}]}